group1,group2,test,statistic,p-value
0-125M_24hr,0-125M_40hr,ranksums,-4.9601829267614255,7.042682813682937e-07
