group1,group2,test,statistic,p-value
0-125M_24hr,0-125M_40hr,ranksums,-5.076048133235713,3.8536571016035246e-07
