group1,group2,test,statistic,p-value
0-125M_24hr,0-125M_40hr,ranksums,1.308918072092228,0.1905621042209359
