group1,group2,test,statistic,p-value
0-125M_24hr,0-125M_40hr,ranksums,0.9510433380236782,0.341582376407751
