group1,group2,test,statistic,p-value
0-125M_24hr,0-125M_40hr,ranksums,1.644128797871945,0.10014960057146706
